q_gl,well_0,well_1,well_2,well_3,well_4,well_5
0.0,0.0,0.0,0.0,0.0,0.0,0.0
0.008016032064128256,0.0,0.0,0.0,0.0,0.0,0.0
0.01603206412825651,0.0,0.0,0.0,0.0,0.0,0.0
0.024048096192384766,0.0,0.0,0.0,0.0,0.0,0.0
0.03206412825651302,0.0,0.0,0.0,54.42362054724936,0.0,0.0
0.04008016032064128,0.0,73.18119618774222,0.0,155.40957356290392,0.0,0.0
0.04809619238476953,0.0,157.6794524925599,0.0,244.24504161887444,72.4015967981768,0.0
0.05611222444889779,0.0,232.79470728010392,0.0,323.6858814764655,168.2486190311729,0.0
0.06412825651302605,0.0,300.36970423589605,0.1279789278652288,395.5780647433853,254.57210521001934,0.0
0.0721442885771543,0.0,361.7166397067331,108.39791062855687,461.2337179994129,333.0298012372996,0.0
0.08016032064128256,0.0,417.8112468494983,207.14570561934113,521.6271196809862,404.8542159626045,0.0
0.08817635270541081,0.0,469.4035641352107,297.73364617617705,577.5063253570206,470.9926605045489,0.0
0.09619238476953906,0.0,517.0854989065435,381.2378968589986,629.4611309939,532.1926518905977,0.0
0.10420841683366733,0.0,561.3342393569403,458.52676982963135,677.966672800309,589.056780208017,8.092631011094909
0.11222444889779558,59.81871198496356,602.5413425585484,530.3132414481036,723.4126002245989,642.0794675453787,128.16028913598302
0.12024048096192384,152.23129253944717,641.0329096920507,597.1914240864892,766.1232847311803,691.672460862754,240.07889554774056
0.1282565130260521,238.16143437496612,677.0839907076743,659.6626362984931,806.3722320590005,738.183031492646,344.6794254835081
0.13627254509018036,318.2455183575721,710.9291256657802,718.1545010224307,844.392618251703,781.9072923243587,442.67050610423166
0.1442885771543086,393.03205970002455,742.7702245684366,773.0352355061864,880.3851580991991,823.1001517895018,534.662185049659
0.15230460921843686,462.9976799481392,772.7825676899679,824.6245423698465,914.5240916124562,861.9828930324031,621.1840364292602
0.16032064128256512,528.5595061310287,801.1194496292835,873.2020457528076,946.9618136601807,898.7490395121552,702.6991790290622
0.16833667334669336,590.0849337364925,827.9158258129485,919.0139203266584,977.8325064773358,933.5689603600149,779.6152868497993
0.17635270541082163,647.8994118323417,853.2912127640548,962.2781673811269,1007.255026835232,966.5935330538218,852.2933489505403
0.1843687374749499,702.2927219013127,877.3520216171694,1003.1888626226021,1035.3352275504299,997.9570901848058,921.0547193867392
0.19238476953907813,753.5240939855894,900.1934552848741,1041.9196117374845,1062.167843784226,1027.7798150748015,986.1868502912894
0.2004008016032064,801.8264143681699,921.9010655080042,1078.6263880375718,1087.8380403316964,1056.1697078187408,1047.9479982345151
0.20841683366733466,847.4097155318095,942.5520418103918,1113.4498827350965,1112.4226918487698,1083.2242127345874,1106.5711210647205
0.21643286573146292,890.4640933295968,962.2162869543176,1146.5174668732138,1135.9914505246156,1109.0315761870156,1162.2671299258805
0.22444889779559116,931.162162780076,980.9573207721032,1177.9448409105328,1158.6076429817963,1133.6719876793684,1215.2276228073806
0.23246492985971942,969.6611390480821,998.833044839892,1207.8374309150906,1180.3290287798786,1157.2185452210158,1265.6271976126818
0.24048096192384769,1006.1046115277577,1015.8963934155338,1236.291577556617,1201.2084458600893,1179.73807707846,1313.6254214912292
0.24849699398797592,1040.6240648004505,1032.195890729945,1263.3955544161863,1221.2943629434667,1201.291845282222,1359.3685170932754
0.2565130260521042,1073.3401894019617,1047.7761306429181,1289.2304447328447,1240.6313548244516,1221.936151109891,1402.9908141027327
0.26452905811623245,1104.3640169486953,1062.6781915251408,1313.870899990227,1259.2605133602,1241.7228587878371,1444.6160048998736
0.2725450901803607,1133.7979076284582,1076.9399967747759,1337.3857992905732,1277.2198045096102,1260.6998505552867,1484.358235800666
0.280561122244489,1161.7364129123016,1090.5966294497243,1359.8388249618415,1294.5443798553101,1278.911423800343,1522.3230595014675
0.2885771543086172,1188.2670322606755,1103.6806079709993,1381.2889670702473,1311.2668495218986,1296.3986390506368,1558.6082697509723
0.29659318637274545,1213.470879336067,1116.2221286360127,1401.7909672981657,1327.4175221922887,1313.1996260647975,1593.3046355972692
0.3046092184368737,1237.423270611892,1128.249279703762,1421.395710870135,1343.0246169516477,1329.3498540373191,1626.4965496071636
0.312625250501002,1260.1942471453804,1139.7882310246032,1440.1505737731984,1358.1144509031196,1344.8823709326875,1658.2626020705702
0.32064128256513025,1281.8490385546256,1150.863402545571,1458.0997313494981,1372.7116058612532,1359.828016154227,1688.6760912637474
0.3286573146292585,1302.4484768253697,1161.4976144975865,1475.2844333833632,1386.839076907405,1374.2156100906975,1717.8054782596378
0.3366733466933867,1322.0493664090409,1171.7122216395355,1491.7432500193675,1400.5184051627639,1388.0721235389867,1745.7147934700943
0.344689378757515,1340.70481610993,1181.5272335778554,1507.512292198182,1413.7697967804697,1401.4228295512814,1772.4640010272046
0.35270541082164325,1358.4645374589854,1190.961422884353,1522.6254097575957,1426.612229864487,1414.291439881472,1798.1093262165737
0.3607214428857715,1375.375113602704,1200.0324224880915,1537.114369895873,1439.0635507777401,1426.7002278938953,1822.7035504288692
0.3687374749498998,1391.4802421746517,1208.7568136104778,1551.0090183172788,1451.1405610967602,1438.6701395363898,1846.2962774705588
0.37675350701402804,1406.8209551448208,1217.1502053385532,1564.3374250621378,1462.8590962974604,1450.220893760009,1868.9341745486158
0.38476953907815625,1421.4358182423266,1225.2273067846681,1577.1260167554467,1474.2340971108183,1461.371073582138,1890.6611907992888
0.3927855711422845,1435.3611122079146,1233.0019926559517,1589.3996967805135,1485.2796743636723,1472.1382088324606,1911.5187558540047
0.4008016032064128,1448.6309978439422,1240.487362951062,1601.1819546904294,1496.0091680147013,1482.538851487348,1931.5459606147951
0.40881763527054105,1461.2776665823822,1247.6957974110312,1612.4949660046218,1506.4352010058442,1492.5886443838478,1950.7797221372462
0.4168336673346693,1473.3314780797537,1254.639005273493,1623.3596833960407,1516.5697284725609,1502.3023840065682,1969.25493428449
0.4248496993987976,1484.8210861656744,1261.328070812839,1633.795920152521,1526.4240827902088,1511.69407795649,1987.00460561362
0.43286573146292584,1495.773554314419,1267.7734950913466,1643.822426690734,1536.0090148769043,1520.776997638179,2004.059985781948
0.44088176352705405,1506.2144616728638,1273.9852342965894,1653.4569608102324,1545.334732123902,1529.5637266390734,2020.4506816099565
0.4488977955911823,1516.1680005600074,1279.9727349973232,1662.71635229616,1554.4109332819355,1538.0662052200882,2036.2047638072586
0.4569138276553106,1525.6570662505492,1285.7449666125344,1671.616562410583,1563.2468405947427,1546.29577128946,2051.3488652542264
0.46492985971943884,1534.703339765404,1291.3104513556475,1680.1727387526817,1571.8512294387315,1554.2631981904804,2065.9082716332086
0.4729458917835671,1543.3273643133543,1296.6772918873107,1688.3992659155672,1580.2324556993992,1561.978729597696,2079.9070051164153
0.48096192384769537,1551.5486159595275,1301.8531968851444,1696.3098123218192,1588.3984810904162,1569.452111784555,2093.3679017419763
0.4889779559118236,1559.3855690358705,1306.8455047168832,1703.9173735795239,1596.356896599503,1576.6926234977743,2106.31268304304
0.49699398797595185,1566.8557567554817,1311.6612053839447,1711.2343126651162,1604.1149442260992,1583.709103649212,2118.7620224360835
0.5050100200400801,1573.9758274458336,1316.3069608854348,1718.2723972081915,1611.679537158983,1590.5099770145628,2130.7356068230447
0.5130260521042084,1580.7615967743013,1320.7891241374891,1725.0428341256656,1619.0572785270504,1597.103278109091,2142.252193816107
0.5210420841683366,1587.2280963024496,1325.1137565695053,1731.5563018283017,1626.2544788432556,1603.496673393821,2153.3296649535087
0.5290581162324649,1593.3896186731672,1329.2866445069608,1737.8229802008527,1633.277172250059,1609.6974819505779,2163.985075238826
0.5370741482965932,1599.2597597053082,1333.3133144399599,1743.8525785377233,1640.1311316642248,1615.7126947510087,2174.234699304263
0.5450901803607214,1604.8514576447205,1337.1990472672737,1749.654361598853,1646.8218829095838,1621.5489926328394,2184.0940744699938
0.5531062124248497,1610.1770297974126,1340.948891597241,1755.2371739352081,1653.354717918121,1627.2127630860764,2193.5780409462086
0.561122244488978,1615.2482067499423,1344.5676761794557,1760.6094626194592,1659.7347070722858,1632.7101159423764,2202.700779401876
0.5691382765531061,1620.0761643632986,1348.0600215343788,1765.779298505163,1665.9667107548473,1638.0468980523726,2211.4758461037977
0.5771543086172344,1624.6715537103491,1351.4303508420771,1770.7543961267306,1672.0553901666783,1643.22870702812,2219.91620581146
0.5851703406813626,1629.0445291115748,1354.6829001458532,1775.5421323425896,1678.0052174674765,1648.260904121074,2228.0342625966505
0.5931863727454909,1633.204774410592,1357.8217279216499,1780.1495638149268,1683.8204852896981,1653.14862629978,2235.8418887421794
0.6012024048096192,1637.161527618614,1360.850724059786,1784.583443411484,1689.5053156715876,1657.8967975860269,2243.350451860737
0.6092184368737474,1640.9236040464157,1363.7736183015954,1788.8502356075726,1695.0636684513402,1662.5101397031824,2250.570840363012
0.6172344689378757,1644.4994180320273,1366.5939881699621,1792.956130959902,1700.4993491608877,1666.9931820859003,2257.5134873931747
0.625250501002004,1647.8970033637625,1369.3152664295417,1796.9070597179625,1705.816016454609,1671.3502712964098,2264.1883933403387
0.6332665330661322,1651.1240324898754,1371.9407481095416,1800.7087046332404,1711.0171891054072,1675.5855798887644,2270.60514702552
0.6412825651302605,1654.1878345989044,1374.4735971192217,1804.3665130217378,1716.1062525979228,1679.7031147592086,2276.7729456555717
0.6492985971943888,1657.0954126479955,1376.9168524839456,1807.8857081308429,1721.086465346339,1683.7067250177347,2282.700613628501
0.657314629258517,1659.8534594103194,1379.273434227352,1811.2712998575446,1725.960964562037,1687.6001094130736,2288.396620267539
0.6653306613226453,1662.4683726074618,1381.5461489232675,1814.5280948612976,1730.7327717943713,1691.3868233409653,2293.869096555726
0.6733466933867734,1664.9462691871986,1383.7376949391414,1817.660706111623,1735.404798166103,1695.0702854631575,2299.12585093688
0.6813627254509017,1667.2929988027736,1385.8506673911288,1820.6735619073193,1739.9798493233284,1698.6537839625466,2304.1743842440173
0.68937875751503,1669.5141565454633,1387.8875628294356,1823.5709144014843,1744.460630118285,1702.1404824579338,2309.0219038116647
0.6973947895791582,1671.6150949783132,1389.8507836711342,1826.35684766402,1748.8497490420255,1705.5334256001233,2313.675336824147
0.7054108216432865,1673.6009355154729,1391.7426423964275,1829.035285310802,1753.1497224227278,1708.8355443695102,2318.1413429483014
0.7134268537074148,1675.4765791883265,1393.5653655231463,1831.6099977268232,1757.3629784042284,1712.0496610938142,2322.4263262954773
0.721442885771543,1677.2467168365765,1395.321097373198,1834.0846089083773,1761.4918607183374,1715.1784942032698,2326.5364467542668
0.7294589178356713,1678.9158387597154,1397.0119036437081,1836.4626029477658,1765.53863226352,1718.2246627393695,2330.4776307327384
0.7374749498997996,1680.4882438620089,1398.6397747947387,1838.7473301822376,1769.505478501641,1721.1906906321096,2334.255581345981
0.7454909819639278,1681.968048321396,1400.206629264549,1840.9420130274139,1773.3945106836609,1724.0790107596044,2337.875788082386
0.7535070140280561,1683.3591938110967,1401.714316522695,1843.04975151401,1777.2077689144078,1726.8919688030865,2341.343535979756
0.7615230460921844,1684.6654553003273,1403.1646199704976,1845.073528545384,1780.947225065854,1729.6318269092553,2344.663914340085
0.7695390781563125,1685.8904484589739,1404.5592596978233,1847.0162148922748,1784.6147855477193,1732.30076717128,2347.8418250101536
0.7775551102204408,1687.0376366893151,1405.899895104421,1848.8805739399922,1788.2122939435892,1734.9008949389304,2350.881990252953
0.785571142284569,1688.110337806399,1407.1881273936378,1850.6692662022213,1791.7415335202122,1737.4342419675677,2353.7889602335026
0.7935871743486973,1689.1117303870797,1408.4255019457187,1852.384853614842,1795.2042296171521,1739.9027694152278,2356.5671201410223
0.8016032064128256,1690.0448598067424,1409.613510577476,1854.0298036220756,1798.602051923464,1742.3083706962407,2359.2206969679046
0.8096192384769538,1690.9126439811625,1410.753593694651,1855.6064930666923,1801.9366166476923,1744.652874199478,2361.7537659647223
0.8176352705410821,1691.7178788300298,1411.8471423429328,1857.1172118950446,1805.209488587009,1746.9380458786331,2364.1702567892394
0.8256513026052104,1692.4632434776213,1412.8955001631275,1858.5641666872234,1808.4221831010216,1749.1655917215724,2366.4739593661484
0.8336673346693386,1693.1513052048094,1413.8999652557263,1859.9494840217537,1811.5761679953582,1751.3371601053154,2368.6685294733643
0.8416833667334669,1693.7845241664718,1414.8617919597568,1861.275213683909,1814.6728653199068,1753.4543440428276,2370.757494069684
0.8496993987975952,1694.365257886412,1415.7821925504536,1862.5433317259515,1817.7136530861835,1755.5186833273515,2372.7442563775217
0.8577154308617234,1694.8957655421118,1416.6623388600824,1863.7557433871893,1820.6998669081179,1757.5316665797382,2374.632100733878
0.8657314629258517,1695.3782120504538,1417.5033638259356,1864.9142858812725,1823.6328015702375,1759.49473320386,2376.4241972217014
0.8737474949899798,1695.8146719646757,1418.3063629692997,1866.0207310576773,1826.5137125270064,1761.4092752548854,2378.123606093054
0.8817635270541081,1696.2071331929,1419.072395808973,1867.076787943894,1829.3438173368581,1763.2766392249341,2379.7332819950443
0.8897795591182364,1696.5575005471192,1419.8024872126562,1868.0841051745047,1832.1242970342303,1765.0981277503229,2381.2560780084764
0.8977955911823646,1696.8675991315367,1420.4976286894012,1869.0442733128698,1834.8562974427407,1766.875001244406,2382.694749508908
0.9058116232464929,1697.1391775786851,1421.1587796261028,1869.958827070975,1837.540930432454,1768.6084794597687,2384.05195785913
0.9138276553106212,1697.373911140674,1421.786868470797,1870.8292474324792,1840.1792751240127,1770.299742983279,2385.3302739413984
0.9218436873747494,1697.573404643364,1422.38279386546,1871.6569636838628,1842.7723790422485,1771.9499346673751,2386.532181537628
0.9298597194388777,1697.7391953099273,1422.9474257307406,1872.4433553581896,1845.3212592217483,1773.560161000712,2387.6600805647963
0.937875751503006,1697.8727554605534,1423.4816063050373,1873.1897540958414,1847.8269032667067,1775.1314934211193,2388.7162901730517
0.9458917835671342,1697.9754950944366,1423.98615114009,1873.8974454262616,1850.290270367272,1776.6649695737037,2389.703051712852
0.9539078156312625,1698.0487643596016,1424.4618500552328,1874.567670474517,1852.7122922744495,1778.1615945167337,2390.6225315776715
0.9619238476953907,1698.0938559163992,1424.9094680522376,1875.2016275963656,1855.093874235552,1779.6223418777688,2391.4768239283612
0.969939879759519,1698.1120071994637,1425.329746192647,1875.8004739452213,1857.4358958920368,1781.048154962477,2392.2679533045102
0.9779559118236472,1698.1044025833407,1425.7234024393972,1876.3653269742258,1859.7392121414957,1782.4399478182827,2392.9978771284977
0.9859719438877754,1698.0721754561496,1426.0911324643362,1876.8972658765624,1862.004653965467,1783.7986062550222,2393.6684881070914
0.9939879759519037,1698.0164102058939,1426.4336104232866,1877.397332966843,1864.2330292246331,1785.124988824613,2394.281616535418
1.002004008016032,1697.9381441232122,1426.7514897001338,1877.8665350063714,1866.4251234229007,1786.4199277615635,2394.8390325079354
1.0100200400801602,1697.8383692250518,1427.0454036213578,1878.3058444748372,1868.581700441803,1787.6842298862161,2395.342448040601
1.0180360721442885,1697.7180340021528,1427.3159661423415,1878.7162007909185,1870.7035032465033,1788.9186774723364,2395.793519108285
1.0260521042084167,1697.5780450947636,1427.5637725067877,1879.09851148415,1872.791254564746,1790.124029080724,2396.193847601471
1.034068136272545,1697.4192688992193,1427.789399880393,1879.4536533202474,1874.845657539909,1791.3010203603453,2396.544983205676
1.0420841683366733,1697.2425331088784,1427.993407959977,1879.7824733819868,1876.8673963593085,1792.4503648184468,2396.848425207187
1.0501002004008015,1697.0486281923486,1428.1763395591101,1880.0857901076354,1878.8571368588714,1793.572754561012,2397.1056242284217
1.0581162324649298,1696.8383088118376,1428.3387211713552,1880.3643942888652,1880.815527105184,1794.6688610049282,2397.317983895972
1.066132264529058,1696.6122951841876,1428.481063511995,1880.6190500298267,1882.7431979558792,1795.7393355629797,2397.486862444313
1.0741482965931863,1696.3712743875917,1428.6038620393053,1880.8504956692916,1884.6407635993505,1796.7848103030442,2397.6135742580946
1.0821643286573146,1696.1159016157007,1428.7075974561467,1881.059444667236,1886.5088220746172,1797.8058985823836,2397.699391355488
1.0901803607214429,1695.8468013823094,1428.79273619282,1881.2465864576425,1888.3479557722364,1798.803195658297,2397.7455448154706
1.0981963927855711,1695.5645686779185,1428.8597308719009,1881.4125872688055,1890.1587319170073,1799.7772792760175,2397.7532261510214
1.1062124248496994,1695.2697700810922,1428.9090207558984,1881.558090912637,1891.9417030332863,1800.7287102349028,2397.7235886309877
1.1142284569138277,1694.9629448259084,1428.941032178406,1881.6837195442768,1893.697407393614,1801.6580329337612,2397.6577485525067
1.122244488977956,1694.644605827837,1428.9561789594559,1881.7900743932182,1895.4263694513213,1802.5657758962639,2397.5567864661966
1.130260521042084,1694.3152406697882,1428.9548628057655,1881.8777364672515,1897.1291002578348,1803.45245227723,2397.421748356087
1.1382765531062122,1693.9753125496768,1428.9374736964517,1881.9472672302586,1898.8060978652527,1804.31856035058,2397.2536467761747
1.1462925851703405,1693.6252611916643,1428.9043902548497,1881.9992092550242,1900.4578477148054,1805.1645839797352,2397.0534619453706
1.1543086172344688,1693.2655037223271,1428.85598010701,1882.0340868520802,1902.084823011798,1805.990993071156,2396.822142802708
1.162324649298597,1692.8964355131325,1428.7926002273862,1882.0524066755768,1903.6874850875454,1806.7982440117587,2396.5606080242196
1.1703406813627253,1692.5184309909582,1428.71459727226,1882.0546583070977,1905.2662837488351,1807.5867800907677,2396.2697470032044
1.1783567134268536,1692.131844417701,1428.6223079013953,1882.0413148183484,1906.8216576154095,1808.357031906755,2395.950420795405
1.1863727454909818,1691.7370106404178,1428.5160590883816,1882.0128333136017,1908.3540344459434,1809.1094177603504,2395.6034630303316
1.19438877755511,1691.3342458132115,1428.3961684201322,1881.969655452648,1909.863831452975,1809.8443440332785,2395.229680790339
1.2024048096192383,1690.923848091827,1428.2629443859569,1881.9122079550684,1911.351455607214,1810.5622055541876,2394.8298554585062
1.2104208416833666,1690.5060983025019,1428.1166866566307,1881.840903086652,1912.817303931631,1811.263385951879,2394.404743536757
1.2184368737474949,1690.081260585605,1427.9576863538437,1881.756139128504,1914.2617637857402,1811.9482579963483,2393.955077435278
1.2264529058116231,1689.6495830154854,1427.7862263104162,1881.6583008297105,1915.685213140459,1812.6171839281642,2393.481566234447
1.2344689378757514,1689.2112981973005,1427.6025813216143,1881.5477598440416,1917.0880208438498,1813.2705157766145,2392.984896420203
1.2424849699398797,1688.766623841797,1427.4070183879594,1881.4248751514942,1918.4705468781895,1813.908595667092,2392.4657325941753
1.250501002004008,1688.3157633189385,1427.199796949793,1881.2899934650736,1919.8331426085774,1814.5317561180655,2391.924718159162
1.2585170340681362,1687.858906191224,1426.981169113983,1881.1434496235665,1921.1761510235056,1815.1403203280965,2391.362475981348
1.2665330661322645,1687.396228727433,1426.7513798730022,1880.9855669707213,1922.4999069676126,1815.7346024532603,2390.7796090297165
1.2745490981963927,1686.9278943977179,1426.510667316722,1880.8166577213808,1923.8047373669572,1816.3149078753017,2390.1767009938812
1.282565130260521,1686.4540543506482,1426.2592628371563,1880.637023315166,1925.090961447075,1816.8815334609556,2389.5543168809904
1.2905811623246493,1685.9748478729275,1425.9973913264716,1880.4469547580402,1926.3588909440891,1817.4347678126653,2388.9130035924945
1.2985971943887775,1685.4904028325227,1425.7252713684284,1880.2467329522776,1927.6088303091033,1817.9748915110667,2388.2532904815434
1.3066132264529058,1685.000836105793,1425.4431154236015,1880.0366290153102,1928.8410769061597,1818.50217734959,2387.575689891857
1.314629258517034,1684.5062539893843,1425.1511300085292,1879.8169045878378,1930.0559212039798,1819.0168905613655,2386.8806976785772
1.3226452905811623,1684.0067525970376,1424.8495158690462,1879.5878121315277,1931.253646961689,1819.5192890388025,2386.168793711847
1.3306613226452906,1683.5024182426341,1424.5384681480232,1879.3495952168878,1932.4345314087898,1820.009623546077,2385.440442363867
1.3386773547094186,1682.9933278092294,1424.2181765476853,1879.102488801438,1933.5988454195399,1820.4881379248059,2384.696092979845
1.3466933867735469,1682.4795491050813,1423.8888254867404,1878.8467194986997,1934.7468536819522,1820.955069293074,2383.9361803335332
1.3547094188376752,1681.9611412071154,1423.550594252485,1878.5825058383134,1935.878814861633,1821.4106482382088,2383.161125067945
1.3627254509018034,1681.4381547920898,1423.2036571480573,1878.3100585175434,1936.994981760585,1821.855099003363,2382.371334121691
1.3707414829659317,1680.9106324561435,1422.8481836350525,1878.0295806445781,1938.0956014711983,1822.2886396682393,2381.567201141588
1.37875751503006,1680.3786090230333,1422.4843384716041,1877.7412679738163,1939.1809155255908,1822.7114823240909,2380.7491068818285
1.3867735470941882,1679.8421118416145,1422.1122818461622,1877.4453091335236,1940.2511600404182,1823.1238332432613,2379.917419590475
1.3947895791583165,1679.301161072779,1421.7321695070564,1877.1418858461154,1941.3065658573737,1823.5258930434375,2379.072495383446
1.4028056112224447,1678.7557699664003,1421.3441528880342,1876.8311731412484,1942.3473586794719,1823.9178568467566,2378.2146786066714
1.410821643286573,1678.2059451285513,1420.9483792298906,1876.51333956207,1943.373759203279,1824.2999144339988,2377.344302186635
1.4188376753507013,1677.6516867795008,1420.544991698339,1876.1885473648742,1944.3859832472485,1824.6722503940464,2376.461687969895
1.4268537074148295,1677.092989002605,1420.134129498259,1875.8569527122793,1945.3842418762588,1825.0350442686984,2375.5671470518428
1.4348697394789578,1676.5298399845924,1419.7159279844107,1875.5187058602908,1946.3687415224842,1825.388470693093,2374.6609800950955
1.442885771543086,1675.9622222476037,1419.2905187687968,1875.1739513394243,1947.3396841027775,1825.7326995318144,2373.743477637974
1.4509018036072143,1675.3901128730008,1418.8580298247234,1874.8228281299967,1948.2972671325808,1826.0678960108808,2372.814920393293
1.4589178356713426,1674.8134837176244,1418.4185855877206,1874.4654698319744,1949.2416838365934,1826.3942208457336,2371.8755795378347
1.4669338677354709,1674.2323016225005,1417.9723070533948,1874.102004829388,1950.1731232562001,1826.7118303653524,2370.9257169928796
1.4749498997995991,1673.6465286143061,1417.519311872345,1873.7325564495989,1951.091770353834,1827.020876632636,2369.9655856960085
1.4829659318637274,1673.056122100048,1417.059714442229,1873.3572431176171,1951.997806114369,1827.3215075612075,2368.9954298645694
1.4909819639278556,1672.4610350548346,1416.5936259970563,1872.9761785054952,1952.891407643588,1827.61386702869,2368.015485251013
1.498997995991984,1671.8612162034315,1416.1211546938362,1872.589471677154,1953.7727482638893,1827.8980949866514,2367.025979390418
1.5070140280561122,1671.256610195424,1415.642405696664,1872.1972272287153,1954.6419976072798,1828.1743275672707,2366.027131840444
1.5150300601202404,1670.6471577744069,1415.1574812582544,1871.799545424375,1955.4993217057224,1828.4426971868488,2365.0191544139825
1.5230460921843687,1670.032795941494,1414.6664807991688,1871.396522328207,1956.3448830790167,1828.7033326462872,2364.0022514047814
1.531062124248497,1669.4134581131025,1414.1695009846212,1870.9882499318446,1957.1788408201537,1828.9563592286158,2362.9766198061366
1.539078156312625,1668.7890742733543,1413.6666357990773,1870.5748162782106,1958.00135067835,1829.2018987936647,2361.9424495231087
1.5470941883767533,1668.1595711214654,1413.1579766186717,1870.1563055815325,1958.8125651397454,1829.4400698699865,2360.8999235782762
1.5551102204408815,1667.524872213873,1412.643612281508,1869.7327983436014,1959.6126335059116,1829.6709877441021,2359.84921831135
1.5631262525050098,1666.8848981016276,1412.1236291559278,1869.3043714665766,1960.4017019701676,1829.894764547163,2358.790503572772
1.571142284569138,1666.239566463125,1411.5981112067907,1868.8710983622682,1961.1799136918319,1830.1115093391245,2357.72394291162
1.5791583166332663,1665.5887922322772,1411.0671400598608,1868.433049058199,1961.9474088684374,1830.3213281904975,2356.6496937578477
1.5871743486973946,1664.932487722404,1410.5307950643307,1867.9902903003479,1962.704324805986,1830.5243242617344,2355.5679075991325
1.5951903807615229,1664.2705627457622,1409.9891533535558,1867.542885652898,1963.4507959873076,1830.7205978803831,2354.4787301525457
1.6032064128256511,1663.6029247291654,1409.442289904075,1867.090895594947,1964.186954138575,1830.9102466160334,2353.3823015310645
1.6112224448897794,1662.9294788256361,1408.890277592902,1866.6343776142648,1964.9129282940316,1831.093365353107,2352.278756405315
1.6192384769539077,1662.2501280221522,1408.3331872532442,1866.1733862982885,1965.6288448589767,1831.270046361637,2351.1682241604058
1.627254509018036,1661.5647732439538,1407.7710877286263,1865.70797342243,1966.3348276711013,1831.4403793660026,2350.05082904835
1.6352705410821642,1660.8733134550462,1407.204045925463,1865.2381880356293,1967.03099806015,1831.6044516117795,2348.926690335874
1.6432865731462925,1660.1756457555548,1406.6321268641946,1864.76407654355,1967.7174749060619,1831.762347930669,2347.795922448031
1.6513026052104207,1659.4716654755211,1406.0553937289583,1864.285682789101,1968.3943746955194,1831.9141508036546,2346.658635107613
1.659318637274549,1658.7612662657393,1405.4739079158849,1863.8030481306987,1969.0618115770594,1832.0599404223633,2345.5149334705357
1.6673346693386772,1658.0443401853495,1404.8877290800424,1863.3162115182145,1969.7198974147127,1832.1997947487425,2344.364918257261
1.6753507014028055,1657.32077778643,1404.2969151810757,1862.825209566597,1970.3687418402562,1832.3337895730924,2343.2086858804687
1.6833667334669338,1656.59046819596,1403.7015225276025,1862.3300766274458,1971.0084523041096,1832.4619985704662,2342.0463285690985
1.691382765531062,1655.8532991946204,1403.101605820331,1861.8308448583393,1971.6391341249032,1832.5844933555313,2340.8779344887316
1.6993987975951903,1655.1091572932592,1402.4972181940584,1861.3275442902905,1972.2608905377901,1832.7013435359495,2339.703587858642
1.7074148296593186,1654.357927806483,1401.8884112584467,1860.8202028930946,1972.8738227414792,1832.812616764255,2338.523369065407
1.7154308617234468,1653.5994949239084,1401.2752351377385,1860.3088466388133,1973.4780299441015,1832.9183787883267,2337.337354773318
1.723446893787575,1652.8337417789803,1400.657738509356,1859.7934995634796,1974.07360940788,1833.0186935005167,2336.145618031688
1.7314629258517034,1652.0605505151966,1400.0359686414413,1859.2741838268403,1974.6606564926835,1833.1136229853978,2334.9482283790517
1.7394789579158316,1651.2798023504542,1399.4099714294025,1858.750919770565,1975.239264698442,1833.2032275662523,2333.7452519444523
1.7474949899799597,1650.4913776388312,1398.7797914314647,1858.2237259746,1975.8095257065315,1833.2875658502917,2332.5367515458665
1.755511022044088,1649.6951559304912,1398.1454719032286,1857.6926193119698,1976.3715294200988,1833.3666947726608,2331.322786785844
1.7635270541082162,1648.8910160293922,1397.507054831347,1857.15761500201,1976.9253640033605,1833.440669639268,2330.1034141444725
1.7715430861723445,1648.078836049051,1396.8645809662407,1856.618726662019,1977.4711159199373,1833.5095441684466,2328.8786870697077
1.7795591182364727,1647.2584934663832,1396.2180898539827,1856.0759663574213,1978.0088699702294,1833.573370531508,2327.648656065177
1.787575150300601,1646.4298651737245,1395.56761986731,1855.5293446505366,1978.5387093278614,1833.6321993922597,2326.4133687755793
1.7955911823647293,1645.5928275289552,1394.9132082358124,1854.978870647886,1979.0607155752155,1833.686079945392,2325.172870069623
1.8036072144288575,1644.7472564039745,1394.2548910752919,1854.4245520462098,1979.5749687381085,1833.7350599539213,2323.9272021206866
1.8116232464929858,1643.8930272314028,1393.5927034163892,1853.8663951771055,1980.0815473195844,1833.7791857855823,2322.6764044852653
1.819639278557114,1643.0300150497915,1392.9266792324215,1853.304405050424,1980.580528332925,1833.8185024483237,2321.420514179198
1.8276553106212423,1642.1580945470769,1392.2568514664817,1852.738585396411,1981.071987333799,1833.853053624804,2320.1595657518224
1.8356713426853706,1641.277140102657,1391.583252057841,1852.1689387066679,1981.5559984516622,1833.8828817060307,2318.893591358032
1.8436873747494988,1640.3870258278666,1390.9059119676276,1851.59546627391,1982.0326344203988,1833.908027824086,2317.6226208283565
1.851703406813627,1639.4876256051903,1390.2248612038834,1851.0181682306259,1982.501966608188,1833.9285318840307,2316.346681737159
1.8597194388777554,1638.5788131259192,1389.5401288459052,1850.437043586652,1982.9640650466893,1833.9444325949453,2315.0657994689172
1.8677354709418836,1637.6604619265227,1388.8517430679879,1849.8520902656096,1983.4189984594955,1833.955767500161,2313.7799972826538
1.875751503006012,1636.7324454237787,1388.1597311625364,1849.2633051403989,1983.866834289921,1833.9625730067519,2312.489296374666
1.8837675350701402,1635.7946369486503,1387.4641195625732,1848.6706840676095,1984.3076387281146,1833.9648844142089,2311.193715939486
1.8917835671342684,1634.846909778807,1386.7649338636745,1848.0742219210356,1984.741476737529,1833.9627359424067,2309.893273229189
1.8997995991983967,1633.8891371701675,1386.062198845335,1847.4739126241582,1985.1684120807763,1833.9561607588398,2308.5879836111326
1.907815631262525,1632.9211923871521,1385.3559384917476,1846.869749181764,1985.5885073448367,1833.945191005143,2307.277860623979
1.9158316633266532,1631.942948731938,1384.6461760121115,1846.2617237106988,1986.0018239657134,1833.929857822965,2305.9629160323984
1.9238476953907815,1630.9542795726402,1383.9329338603707,1845.6498274696792,1986.4084222524684,1833.9101913791592,2304.6431598801028
1.9318637274549098,1629.9550583702426,1383.2162337544394,1845.0340508883046,1986.8083614107281,1833.8862208903256,2303.3186005415314
1.939879759519038,1628.945158704962,1382.4960966949654,1844.4143835952668,1987.2016995656036,1833.857974646724,2301.989244772118
1.9478957915831663,1627.9244543012273,1381.772542983622,1843.7908144457558,1987.5884937841204,1833.8254800356149,2300.655097757207
1.9559118236472943,1626.892819051925,1381.0455922408607,1843.1633315480603,1987.9688000970673,1833.7887635639581,2299.31616315961
1.9639278557114226,1625.85012704176,1380.3152634233193,1842.5319222894877,1988.3426735204046,1833.7478508805682,2297.972443165898
1.9719438877755509,1624.7962525696398,1379.5815748406987,1841.8965733614984,1988.7101680761257,1833.702766797706,2296.623938531501
1.9799599198396791,1623.7310701702158,1378.844544172242,1841.2572707841632,1989.0713368126562,1833.6535353121162,2295.2706486244647
1.9879759519038074,1622.6544546346954,1378.104188482811,1840.6139999299241,1989.426231824792,1833.6001796255223,2293.912571468143
1.9959919839679356,1621.566281030795,1377.3605242385495,1839.9667455467138,1989.7749042731643,1833.5427221646532,2292.5497037827085
2.004008016032064,1620.4664247219334,1376.6135673221283,1839.3154917803804,1990.117404403275,1833.4811846007292,2291.18204102556
2.012024048096192,1619.354761385618,1375.863333047625,1838.6602221965388,1990.453781564081,1833.4155878684442,2289.809577430542
2.0200400801603204,1618.2311670312297,1375.1098361750537,1838.000919801753,1990.7840842261717,1833.3459521845334,2288.4323060463184
2.0280561122244487,1617.0955180169835,1374.3530909244669,1837.3375670641908,1991.1083599995204,1833.2722970658074,2287.0502187734965
2.036072144288577,1615.947691066287,1373.593110989782,1836.6701459336227,1991.4266556508564,1833.194641346792,2285.663306400885
2.0440881763527052,1614.787563283474,1372.8299095521845,1835.9986378609512,1991.7390171206125,1833.1130031969137,2284.2715586408412
2.0521042084168335,1613.6150121687538,1372.0634992932617,1835.32302381712,1992.045489539525,1833.0274001372363,2282.8749641634286
2.0601202404809618,1612.4299156327575,1371.2938924077803,1834.6432843115265,1992.3461172448401,1832.9378490568115,2281.4735106299695
2.06813627254509,1611.2321520102396,1370.5211006161294,1833.9593994099025,1992.6409437961577,1832.844366228616,2280.0671847254835
2.0761523046092183,1610.0216000734613,1369.7451351764946,1833.2713487517226,1992.9300119909399,1832.7469673250785,2278.655972190307
2.0841683366733466,1608.798139044824,1368.96600689669,1832.579111567101,1993.2133638796606,1832.6456674332662,2277.2398578509956
2.092184368737475,1607.5616486090148,1368.1837261457379,1831.882666693226,1993.4910407806108,1832.5404810696502,2275.818825650179
2.100200400801603,1606.312008924726,1367.3983028651148,1831.1819925903203,1993.763083294405,1832.43142219452,2274.3928586758493
2.1082164328657313,1605.0491006356465,1366.6097465797698,1830.4770673571977,1994.0295313181346,1832.3185042260914,2272.961939189693
2.1162324649298596,1603.7728048812319,1365.8180664088295,1829.7678687462933,1994.2904240592338,1832.2017400541822,2271.526048654761
2.124248496993988,1602.483003306771,1365.0232710760756,1829.0543741784097,1994.545800049031,1832.0811420536452,2270.0851677624473
2.132264529058116,1601.1795780731663,1364.225368920118,1828.3365607568921,1994.7956971560052,1831.9567220973959,2268.639276458588
2.1402805611222444,1599.8624118660819,1363.424367904373,1827.6144052815353,1995.0401525987438,1831.8284915691834,2267.188353969006
2.1482965931863727,1598.5313879048877,1362.6202756267794,1826.8878842620377,1995.279202958654,1831.6964613760092,2265.7323788243866
2.156312625250501,1597.1863899509503,1361.813099329221,1826.1569739311014,1995.5128841923474,1831.5606419602664,2264.2713288843725
2.164328657314629,1595.827302315688,1361.0028459068244,1825.421650257102,1995.741231643778,1831.4210433115638,2262.805181361103
2.1723446893787575,1594.4540098682528,1360.1895219169303,1824.681888956531,1995.96428005615,1831.277674978302,2261.333912842204
2.1803607214428857,1593.066398042566,1359.3731335879097,1823.9376655059414,1996.1820635835156,1831.1305460789167,2259.8574993129014
2.188376753507014,1591.6643528443688,1358.5536868277416,1823.1889551536535,1996.3946158021483,1830.979665312897,2258.375916177931
2.1963927855711423,1590.247760857661,1357.7311872323742,1822.4357329311329,1996.6019697216907,1830.8250409715163,2256.8891382825095
2.2044088176352705,1588.8165092508302,1356.9056400939014,1821.6779736639369,1996.8041577960257,1830.6666809483022,2255.397139932998
2.212424849699399,1587.3704857824946,1356.0770504085372,1820.9156519825003,1997.0012119339485,1830.504592749247,2253.89989491682
2.220440881763527,1585.909578807073,1355.2454228843822,1820.1487423325273,1997.1931635095912,1830.3387835028177,2252.397376522065
2.2284569138276553,1584.4336772798792,1354.4107619490187,1819.3772189850793,1997.3800433726392,1830.1692599696617,2250.8895575563793
2.2364729458917836,1582.9426707621133,1353.5730717569172,1818.6010560464563,1997.5618818583248,1829.9960285521272,2249.3764103654526
2.244488977955912,1581.4364494254073,1352.7323561966741,1817.8202274677174,1997.7387087972143,1829.819095303544,2247.857906851034
2.25250501002004,1579.9149040561524,1351.888618898035,1817.0347070539456,1997.9105535247706,1829.6384659372566,2246.33401848835
2.260521042084168,1578.3779260595147,1351.0418632388119,1816.244468473274,1998.0774448907464,1829.4541458354784,2244.8047163432166
2.268537074148296,1576.8254074633055,1350.1920923515727,1815.449485265672,1998.2394112683628,1829.2661400579195,2243.269971088577
2.2765531062124245,1575.25724092141,1349.3393091302182,1814.6497308514038,1998.3964805632936,1829.0744533502145,2241.7297530206865
2.2845691382765527,1573.673319717139,1348.4835162363736,1813.8451785393095,1998.5486802224539,1828.8790901521106,2240.1840320747083
2.292585170340681,1572.0735377661665,1347.6247161056172,1813.0358015348495,1998.6960372426413,1828.680054605536,2238.632777840153
2.3006012024048093,1570.4577896195208,1346.7629109536165,1812.2215729478837,1998.8385781789575,1828.4773505624146,2237.075959575695
2.3086172344689375,1568.8259704659117,1345.8981027820284,1811.4024658002204,1998.9763291530794,1828.2709815922954,2235.5135462236544
2.316633266533066,1567.1779761343184,1345.030293384341,1810.5784530329904,1999.1093158613426,1828.0609509898618,2233.9455064240556
2.324649298597194,1565.5137030960277,1344.1594843515363,1809.7495075138079,1999.237563582677,1827.8472617821894,2232.371808528453
2.3326653306613223,1563.8330484666521,1343.285677077602,1808.915602043646,1999.3610971863775,1827.629916735878,2230.7924206132125
2.3406813627254506,1562.1359100077943,1342.4088727649628,1808.076709363601,1999.4799411396841,1827.4089183639867,2229.2073104925394
2.348697394789579,1560.4221861286978,1341.5290724297279,1807.2328021614246,1999.594119515251,1827.1842689328314,2227.616445731109
2.356713426853707,1558.6917758876332,1340.6462769068535,1806.383853077866,1999.703655998429,1826.9559704686117,2226.019793656377
2.3647294589178354,1556.944578993084,1339.7604868551593,1805.5298347128196,1999.808573894432,1826.7240247638802,2224.4173213706345
2.3727454909819636,1555.1804958047098,1338.871702762231,1804.6707196312827,1999.9088961353089,1826.488433383829,2222.808995762498
2.380761523046092,1553.3994273343615,1337.9799249492048,1803.8064803692012,2000.0046452868373,1826.2491976724982,2221.19478351843
2.38877755511022,1551.601275246695,1337.0851535754673,1802.9370894390688,2000.0958435552259,1826.0063187587862,2219.574651133756
2.3967935871743484,1549.785941859724,1336.1873886431695,1802.0625193353708,2000.1825127936968,1825.7597975622966,2217.9485649232583
2.4048096192384767,1547.9533301453023,1335.286630001733,1801.1827425399215,2000.2646745089469,1825.509634799134,2216.316491031773
2.412825651302605,1546.1033437293158,1334.3828773521582,1800.297731526938,2000.3423498674706,1825.25583098746,2214.678395444298
2.420841683366733,1544.2358868918582,1333.4761302512934,1799.4074587681196,2000.4155597017534,1824.9983864530009,2213.034243995937
2.4288577154308615,1542.3508645671895,1332.5663881159758,1798.5118967373962,2000.4843245163522,1824.7373013343986,2211.384002381448
2.4368737474949898,1540.4481823435865,1331.6536502270621,1797.61101791567,2000.5486644938235,1824.4725755883912,2209.7276361646345
2.444889779559118,1538.527746463156,1330.737915733404,1796.704794795317,2000.6085995005924,1824.2042089949612,2208.065110787471
2.4529058116232463,1536.5894638213617,1329.8191836556825,1795.79319988465,2000.664149092629,1823.932201162278,2206.3963915789495
2.4609218436873745,1534.6332419665803,1328.8974528901933,1794.876205712139,2000.7153325210838,1823.6565515315808,2204.721443763684
2.468937875751503,1532.6589890994637,1327.9727222125027,1793.9537848305988,2000.7621687377655,1823.3772593819197,2203.040232470301
2.476953907815631,1530.666614072248,1327.0449902810524,1793.0259098211561,2000.8046764005237,1823.0943238347966,2201.3527227395953
2.4849699398797593,1528.6560263878669,1326.114255640662,1792.0925532971678,2000.8428738785287,1822.8077438586859,2199.6588795323855
2.4929859719438876,1526.6271361991176,1325.1805167259356,1791.1536879079833,2000.876779257448,1822.5175182734679,2197.958667737349
2.501002004008016,1524.5798543076216,1324.243771864634,1790.209286342608,2000.9064103445198,1822.2236457547517,2196.252052178389
2.509018036072144,1522.5140921625723,1323.3040192809012,1789.2593213331943,2000.9317846735116,1821.9261248380685,2194.5389976219603
2.5170340681362724,1520.4297618597238,1322.3612570984637,1788.3037656585238,2000.9529195096147,1821.62495392302,2192.8194687842133
2.5250501002004007,1518.3267761400393,1321.4154833437494,1787.3425921472742,2000.9698318542198,1821.3201312772894,2191.0934303377544
2.533066132264529,1516.2050483882124,1320.4666959489025,1786.3757736812458,2000.9825384495916,1821.0116550405803,2189.360846918427
2.541082164328657,1514.064492631351,1319.514892754769,1785.4032831984714,2000.9910557834803,1820.69952322843,2187.621683131802
2.5490981963927855,1511.9050235374066,1318.5600715137766,1784.425093696198,2000.9954000936277,1820.3837337359932,2185.875903559484
2.5571142284569137,1509.7265564134743,1317.6022298927555,1783.441178233815,2000.9955873721758,1820.0642843416704,2184.123472765218
2.565130260521042,1507.5290072042624,1316.6413654757152,1782.451509935666,2000.991633370012,1819.741172710706,2182.364355300929
2.5731462925851702,1505.3122924902298,1315.677475766514,1781.456061993726,2000.9835536010132,1819.4143963986523,2180.5985157124614
2.5811623246492985,1503.0763294859214,1314.7105581915168,1780.4548076702954,2000.9713633462293,1819.0839528548229,2178.8259185452525
2.5891783567134268,1500.8210360378155,1313.740610102123,1779.4477203004797,2000.9550776579517,1818.7498394255826,2177.0465283497297
2.597194388777555,1498.5463306227166,1312.7676287773154,1778.4347732946655,2000.934711363749,1818.412053357615,2175.260309686753
2.6052104208416833,1496.2521323455712,1311.7916114260806,1777.415940140895,2000.9102790703698,1818.0705918010945,2173.4672271326494
2.6132264529058116,1493.938360937434,1310.8125551898042,1776.3911944071283,2000.8817951676301,1817.725451812806,2171.6672452842236
2.62124248496994,1491.604936753403,1309.8304571445876,1775.3605097435027,2000.8492738321952,1817.3766303591424,2169.860328763803
2.629258517034068,1489.251780770454,1308.8453143035695,1774.3238598844,2000.8127290312752,1817.024124319099,2168.0464422236996
2.6372745490981964,1486.8788145852175,1307.8571236190942,1773.2812186505437,2000.7721745262918,1816.6679304871298,2166.2255503509823
2.6452905811623246,1484.4859604117719,1306.8658819849238,1772.2325599510073,2000.7276238764398,1816.308045576004,2164.3976178718913
2.653306613226453,1482.0731410792628,1305.8715862383178,1771.1778577850307,2000.6790904421882,1815.9444662195147,2162.5626095560388
2.661322645290581,1479.6402800297317,1304.8742331621434,1770.1170862439699,2000.6265873887464,1815.5771889752332,2160.7204902208077
2.669338677354709,1477.187301315438,1303.873819486856,1769.050219513003,2000.5701276894029,1815.2062103270653,2158.871224735212
2.6773547094188372,1474.7141295968186,1302.8703418924995,1767.9772318728842,2000.509724128879,1814.831526687883,2157.0147780239563
2.6853707414829655,1472.2206901397374,1301.8637970106156,1766.8980977015426,2000.4453893065445,1814.453134401992,2155.1511150712363
2.6933867735470938,1469.706908813057,1300.854181426113,1765.8127914757008,2000.377135639623,1814.071029747578,2153.2802009244087
2.701402805611222,1467.172712086258,1299.8414916791191,1764.7212877723878,2000.304975366329,1813.6852089391296,2151.402000697618
2.7094188376753503,1464.6180270266866,1298.8257242667623,1763.6235612704036,2000.228920548932,1813.2956681297342,2149.5164795752785
2.7174348697394786,1462.042781297036,1297.8068756449113,1762.5195867517207,2000.1489830767634,1812.9024034133795,2147.6236028154763
2.725450901803607,1459.44690315279,1296.7849422298864,1761.409339102813,2000.0651746691813,1812.5054108271722,2145.7233357531204
2.733466933867735,1456.8303214395673,1295.759920400126,1760.2927933160017,1999.9775068784884,1812.104686353508,2143.8156438033025
2.7414829659318634,1454.1929655902213,1294.7318064977978,1759.1699244906408,1999.885991092758,1811.7002259221886,2141.900492464184
2.7494989979959916,1451.5347656225683,1293.7005968304072,1758.0407078343762,1999.7906385386573,1811.2920254125313,2139.9778473200763
2.75751503006012,1448.8556521361988,1292.6662876722962,1756.9051186641775,1999.6914602841514,1810.8800806553077,2138.047674044262
2.765531062124248,1446.1555563101308,1291.6288752662272,1755.76313240755,1999.5884672412549,1810.4643874348267,2136.109938401798
2.7735470941883764,1443.4344098997378,1290.588355824785,1754.6147246034877,1999.4816701686302,1810.0449414907623,2134.1646062522223
2.7815631262525047,1440.6921452342192,1289.5447255318463,1753.459870903536,1999.3710796742187,1809.621738520107,2132.211643552156
2.789579158316633,1437.9286952136072,1288.497980543989,1752.2985470726837,1999.2567062177573,1809.1947741789722,2130.2510163577886
2.797595190380761,1435.1439933060178,1287.4481169918488,1751.1307289903255,1999.1385601133188,1808.764044084407,2128.282690827375
2.8056112224448895,1432.3379735448063,1286.3951309814381,1749.9563926510648,1999.0166515317233,1808.3295438161017,2126.3066332234635
2.8136272545090177,1429.5105705258086,1285.3390185954954,1748.7755141655969,1998.8909905030112,1807.8912689181698,2124.3228099153657
2.821643286573146,1426.6617194042797,1284.2797758947095,1747.5880697614787,1998.7615869187534,1807.449214900748,2122.331187381211
2.8296593186372743,1423.7913558921389,1283.217398918988,1746.3940357838424,1998.6284505344047,1807.0033772416728,2120.331732210089
2.8376753507014025,1420.8994162551335,1282.1518836886428,1745.1933886960805,1998.4915909715883,1806.553751388036,2118.3244111040685
2.845691382765531,1417.9858373098293,1281.0832262056015,1743.9861050806387,1998.3510177203393,1806.1003327577664,2116.309190880298
2.853707414829659,1415.0505564207217,1280.0114224545423,1742.7721616394854,1998.206740141292,1805.6431167411242,2114.2860384727983
2.8617234468937873,1412.0935114973954,1278.9364684040077,1741.5515351948175,1998.0587674678627,1805.1820987021856,2112.2549209343383
2.8697394789579156,1409.1146409914138,1277.8583600075085,1740.3242026895473,1997.9071088083442,1804.7172739802804,2110.2158054381466
2.877755511022044,1406.113883893615,1276.7770932046103,1739.0901411879247,1997.7517731480257,1804.2486378914173,2108.168659279762
2.885771543086172,1403.0911797309982,1275.692663921941,1737.849327875927,1997.5927693512162,1803.7761857296348,2106.113449878481
2.8937875751503004,1400.0464685638747,1274.6050680742292,1736.6017400618034,1997.4301061632582,1803.299912768346,2104.0501447791285
2.9018036072144286,1396.97969098282,1273.5143015652984,1735.3473551764637,1997.263792212521,1802.819814261666,2101.9787116534526
2.909819639278557,1393.8907881057455,1272.4203602890113,1734.0861507738812,1997.0938360123046,1802.3358854456665,2099.89911830161
2.917835671342685,1390.7797015750202,1271.323240130236,1732.8181045315068,1996.9202459627882,1801.8481215396284,2097.8113326535877
2.9258517034068134,1387.6463735543925,1270.2229369657466,1731.5431942505516,1996.743030352866,1801.3565177472517,2095.715322770582
2.9338677354709417,1384.4907467261132,1269.119446665139,1730.261397856379,1996.5621973620102,1800.8610692578668,2093.61105684624
2.94188376753507,1381.3127642878444,1268.0127650916793,1728.9726933987279,1996.3777550620587,1800.3617712475505,2091.4985032078876
2.9498997995991982,1378.1123699498355,1266.9028881031663,1727.6770590520016,1996.1897114189878,1799.8586188802526,2089.3776303178065
2.9579158316633265,1374.8895079318515,1265.789811552772,1726.3744731155496,1995.9980742946843,1799.3516073089656,2087.248406774316
2.9659318637274548,1371.6441229602447,1264.673531289824,1725.0649140138007,1995.8028514486186,1798.8407316767025,2085.110801312798
2.973947895791583,1368.3761602649868,1263.5540431606134,1723.7483602965249,1995.604050539539,1798.3259871176124,2082.964782806891
2.9819639278557113,1365.0855655766452,1262.431343009166,1722.4247906389458,1995.4016791271388,1797.807368757949,2080.8103202693383
2.9899799599198396,1361.7722851234782,1261.3054266779727,1721.0941838419594,1995.1957446736649,1797.284871717124,2078.647382853087
2.997995991983968,1358.4362656285064,1260.176290008728,1719.7565188321885,1994.9862545455076,1796.7584911086335,2076.475939852044
3.006012024048096,1355.0774543063676,1259.0439288430348,1718.4117746620898,1994.7732160147705,1796.228222040988,2074.295960701982
3.0140280561122244,1351.6957988605911,1257.9083390231056,1717.0599305100777,1994.556636260829,1795.6940596186869,2072.107414981464
3.0220440881763526,1348.2912474805248,1256.7695163924293,1715.7009656805415,1994.3365223718047,1795.1559989430891,2069.9102724124873
3.030060120240481,1344.8637488383595,1255.6274567964247,1714.3348596039355,1994.1128813460855,1794.6140351132797,2067.7045028612993
3.038076152304609,1341.4132520862129,1254.4821560830844,1712.9615918367413,1993.885720093766,1794.0681632269439,2065.490076339088
3.0460921843687374,1337.9397068532169,1253.3336101035839,1711.5811420615114,1993.6550454380915,1793.5183783811756,2063.2669630025885
3.0541082164328657,1334.44306324263,1252.181814712926,1710.1934900868587,1993.4208641168648,1792.9646756733162,2061.03513315485
3.062124248496994,1330.923271828685,1251.026765770474,1708.7986158473961,1993.1831827838216,1792.4070502017207,2058.7945572456456
3.070140280561122,1327.3802836539396,1249.8684591405633,1707.3964994037071,1992.9420080100142,1791.8454970665346,2056.5452058721726
3.07815631262525,1323.8140502261863,1248.706890693048,1705.987120942272,1992.6973462851217,1791.2800113704384,2054.2870497794647
3.0861723446893783,1320.224523515586,1247.5420563038524,1704.5704607754085,1992.4492040187847,1790.7105882194078,2052.0200598609804
3.0941883767535066,1316.611655951846,1246.373951855491,1703.1464993411564,1992.1975875418918,1790.1372227233858,2049.744207159018
3.102204408817635,1312.975400421122,1245.202573237575,1701.7152172031476,1991.9425031078454,1789.559909996979,2047.459462865068
3.110220440881763,1309.315710263366,1244.0279163473417,1700.2765950505313,1991.6839568938208,1788.9786451601703,2045.1657983203434
3.1182364729458913,1305.6325392692993,1242.8499770901112,1698.8306136977806,1991.421955001967,1788.3934233389302,2042.8631850160136
3.1262525050100196,1301.9258416775863,1241.6687513797735,1697.3772540845932,1991.1565034606526,1787.804239665883,2040.5515945936504
3.134268537074148,1298.1955721719437,1240.484235139244,1695.916497275646,1990.8876082256038,1787.2110892809128,2038.2309988454372
3.142284569138276,1294.441685878332,1239.2964243009167,1694.448324460527,1990.615275181111,1786.613967331789,2035.9013697145006
3.1503006012024044,1290.6641383620674,1238.1053148070903,1692.972716953411,1990.3395101411525,1786.0128689747262,2033.5626792951537
3.1583166332665327,1286.8628856250616,1236.9109026104015,1691.4896561929959,1990.0603188505106,1785.4077893750107,2031.214899833134
3.166332665330661,1283.0378841028355,1235.713183674222,1689.999123742152,1989.7777069859042,1784.7987237074826,2028.858003725763
3.174348697394789,1279.1890906619094,1234.5121539730699,1688.501101287783,1989.491680157053,1784.1856671571418,2026.491963522139
3.1823647294589175,1275.3164625968725,1233.3078094929997,1686.995570640588,1989.20224390776,1783.5686149196536,2024.1167519233597
3.1903807615230457,1271.419957627506,1232.1001462319493,1685.4825137347218,1988.9094037169527,1782.947562201838,2021.7323417824741
3.198396793587174,1267.4995338962774,1230.8891602001602,1683.9619126276787,1988.6131649997355,1782.322504222247,2019.3387061047983
3.2064128256513023,1263.5551499653159,1229.6748474204633,1682.4337494998824,1988.3135331083697,1781.693436211538,2016.935818047875
3.2144288577154305,1259.5867648136302,1228.4572039286736,1680.898006654496,1988.0105133332984,1781.0603534130269,2014.5236509215085
3.222444889779559,1255.594337834578,1227.236225773917,1679.3546665171107,1987.7041109041363,1780.423251083126,2012.102178187898
3.230460921843687,1251.577828832981,1226.0119090189287,1677.8037116354262,1987.3943309906101,1779.7821244917773,2009.6713734616028
3.2384769539078153,1247.5371980223226,1224.7842497404063,1676.2451246789956,1987.0811787035143,1779.1369689229084,2007.2312105095257
3.2464929859719436,1243.47240602217,1223.5532440292689,1674.678888438825,1986.7646590956542,1778.4877796748037,2004.7816632509637
3.254509018036072,1239.383413855444,1222.3188879909844,1673.104985827164,1986.444777162759,1777.8345520605817,2002.3227057574836
3.2625250501002,1235.270182945647,1221.0811777458553,1671.5233998770718,1986.1215378443787,1777.177281408533,1999.8543122528838
3.2705410821643284,1231.1326751142417,1219.8401094292842,1669.9341137421663,1985.794946024779,1776.515963062554,1997.3764571132451
3.2785571142284566,1226.9708525779295,1218.5956791920337,1668.3371106961783,1985.4650065338026,1775.8505923824523,1994.8891148665825
3.286573146292585,1222.7846779460904,1217.3478832005026,1666.7323741326998,1985.1317241477257,1775.181164744381,1992.3922601929773
3.294589178356713,1218.5741142180234,1216.096717636985,1665.119887564773,1984.7951035901324,1774.5076755411526,1989.8858679243813
3.3026052104208414,1214.3391247803045,1214.842178699882,1663.4996346244982,1984.4551495326907,1773.8301201825623,1987.3699130443633
3.3106212424849697,1210.0796734043408,1213.5842626039737,1661.8715990627577,1984.111866596021,1773.1484940957714,1984.844370688134
3.318637274549098,1205.795724243558,1212.3229655806206,1660.2357647487295,1983.7652593504602,1772.46279272558,1982.3092161422362
3.3266533066132262,1201.4872418308275,1211.0582838779897,1658.5921156695472,1983.4153323168716,1771.7730115347458,1979.7644248444024
3.3346693386773545,1197.1541910760145,1209.7902137612675,1656.9406359299228,1983.0620899673968,1771.0791460042965,1977.209972383366
3.3426853707414828,1192.7965372633307,1208.5187515128853,1655.2813097517683,1982.705536726265,1770.3811916338295,1974.6458344986713
3.350701402805611,1188.4142460487108,1207.2438934326667,1653.6141214737024,1982.3456769704865,1769.6791439417498,1972.0719870803505
3.3587174348697393,1184.0072834573436,1205.9656358380807,1651.9390555507653,1981.9825150306247,1768.9729984655926,1969.4884061688176
3.3667334669338675,1179.575615881094,1204.683975064384,1650.2560965539283,1981.6160551915152,1768.262750762251,1966.8950679544846
3.374749498997996,1175.1192100760295,1203.3989074648093,1648.565229169677,1981.246301692974,1767.5483964082478,1964.2919487775675
3.382765531062124,1170.6380331599378,1202.1104294107436,1646.866438199675,1980.873258730513,1766.8299309999852,1961.6790251278458
3.3907815631262523,1166.132052609668,1200.8185372918813,1645.1597085602195,1980.4969304560118,1766.1073501539518,1959.0562736442641
3.3987975951903806,1161.6012362588103,1199.5232275163921,1643.4450252819229,1980.1173209784106,1765.3806495069973,1956.4236711147273
3.406813627254509,1157.0455522952127,1198.2244965110767,1641.7223735092011,1979.734434364374,1764.6498247165293,1953.7811944757618
3.414829659318637,1152.4649692584476,1196.9223407214897,1639.9917384998714,1979.3482746389388,1763.9148714607145,1951.1288208121503
3.4228456913827654,1147.859456037397,1195.6167566121114,1638.2531056247356,1978.9588457861767,1763.1757854386988,1948.466527356709
3.4308617234468937,1143.228981867945,1194.3077406664793,1636.5064603670774,1978.5661517498343,1762.4325623708405,1945.7942914898474
3.438877755511022,1138.573516330277,1192.9952893872874,1634.7517883222895,1978.1701964339206,1761.685197998823,1943.1120907392142
3.44689378757515,1133.893029346814,1191.6793992965447,1632.9890751973487,1977.7709837033713,1760.9336880859141,1940.4199027794407
3.4549098196392785,1129.1874911795335,1190.360066935665,1631.2183068104173,1977.3685173846163,1760.1780284170977,1937.7177054316467
3.4629258517034067,1124.4568724278115,1189.0372888656123,1629.4394690903641,1976.9628012661947,1759.4182147992647,1935.0054766631838
3.470941883767535,1119.7011440260064,1187.7110616669931,1627.652548076334,1976.5538390993454,1758.6542430613836,1932.283194587155
3.4789579158316633,1114.9202772409158,1186.3813819401444,1625.85752991725,1976.1416345985563,1757.886109054621,1929.5508374620094
3.4869739478957915,1110.114243669755,1185.04824630527,1624.0544008713673,1975.7261914421654,1757.113808652548,1926.8083836913256
3.4949899799599193,1105.2830152376252,1183.7116514024985,1622.2431473058246,1975.3075132728882,1756.3373377512398,1924.055811823137
3.5030060120240476,1100.4265641952004,1182.3715938919966,1620.423755696149,1974.8856036983889,1755.5566922694202,1921.2931005496985
3.511022044088176,1095.544863116542,1181.0280704540407,1618.5962126257925,1974.460466291804,1754.7718681486278,1918.5202287070063
3.519038076152304,1090.6378848967831,1179.681077789109,1616.760504785697,1974.0321045922908,1753.98286135332,1915.7371752743886
3.5270541082164324,1085.7056027497833,1178.330612617949,1614.9166189737577,1973.6005221055307,1753.189667870964,1912.943919374025
3.5350701402805607,1080.7479902059558,1176.9766716816482,1613.0645420944081,1973.1657223042537,1752.392283712219,1910.1404402705589
3.543086172344689,1075.7650211099715,1175.6192517417207,1611.204261158115,1972.72770862875,1751.5907049109887,1907.3267173706301
3.551102204408817,1070.7566696185474,1174.2583495801396,1609.3357632808984,1972.2864844873527,1750.7849275245608,1904.502730222373
3.5591182364729455,1065.722910198278,1172.8939619994405,1607.459035683857,1971.8420532569407,1749.9749476336942,1901.6684585150724
3.5671342685370737,1060.6637176233428,1171.5260858227275,1605.5740656926962,1971.3944182834152,1749.1607613427009,1898.823882078531
3.575150300601202,1055.5790669733508,1170.154717893774,1603.680840737258,1970.9435828821752,1748.342364779594,1895.968980882779
3.5831663326653302,1050.4689336312497,1168.7798550770362,1601.7793483509804,1970.489550338572,1747.519754096067,1893.1037350374577
3.5911823647294585,1045.3332932810201,1167.4014942577335,1599.8695761705224,1970.0323239084069,1746.6929254676877,1890.2281247914575
3.5991983967935868,1040.1721219055837,1166.019632341838,1597.9515119351329,1969.5719068183291,1745.8618750939113,1887.342130532268
3.607214428857715,1034.9853957847308,1164.6342662561751,1596.0251434863105,1969.1083022663224,1745.026599198155,1884.4457327856842
3.6152304609218433,1029.7730914928627,1163.245392948419,1594.0904587672176,1968.6415134221186,1744.1870940278902,1881.5389122151523
3.6232464929859716,1024.535185897078,1161.853009387141,1592.14744582226,1968.1715434276482,1743.3433558546726,1878.6216496214213
3.6312625250501,1019.271656154772,1160.4571125618208,1590.19609279653,1967.698395397435,1742.4953809742235,1875.6939259418339
3.639278557114228,1013.9824797119113,1159.0576994829055,1588.2363879354111,1967.2220724190554,1741.6431657065139,1872.7557222500768
3.6472945891783564,1008.6676343007405,1157.6547671817984,1586.2683195839966,1966.7425775535105,1740.7867063957265,1869.8070197554684
3.6553106212424846,1003.3270979376045,1156.248312710902,1584.291876186662,1966.2599138356345,1739.9259994103927,1866.8477998024962
3.663326653306613,997.960848921331,1154.8383331436273,1582.3070462865692,1965.7740842745275,1739.0610411433966,1863.878043870392
3.671342685370741,992.5688658307035,1153.424825574402,1580.3138185251482,1965.2850918538957,1738.1918280120108,1860.8977335724715
3.6793587174348694,987.1511275228281,1152.0077871187075,1578.3121816416617,1964.7929395324772,1737.3183564579372,1857.9068506557512
3.6873747494989977,981.7076131308381,1150.587214913053,1576.302124472655,1964.2976302444026,1736.4406229473657,1854.9053770003302
3.695390781563126,976.2383020620582,1149.163106115003,1574.283635951494,1963.7991668995646,1735.5586239709348,1851.893294618809
3.703406813627254,970.7431739960775,1147.7354579031853,1572.2567051079154,1963.2975523839987,1734.6723560438409,1848.8705856559982
3.7114228456913825,965.2222088825865,1146.30426747728,1570.2213210674863,1962.792789560229,1733.7818157058102,1845.8372323880892
3.7194388777555107,959.675386939572,1144.8695320580323,1568.177473051144,1962.284881267639,1732.8869995211105,1842.7932172223327
3.727454909819639,954.1026886513314,1143.4312488872315,1566.1251503746755,1961.7738303228161,1731.9879040786057,1839.7385226963925
3.7354709418837673,948.5040947665041,1141.9894152277384,1564.0643424483103,1961.2596395198907,1731.08452599175,1836.6731314778624
3.7434869739478955,942.8795862961704,1140.5440283634164,1561.99503877611,1960.7423116308669,1730.1768618985525,1833.59702636365
3.751503006012024,937.2291445120507,1139.0950855992046,1559.917228955605,1960.2218494059914,1729.2649084616921,1830.5101902795539
3.759519038076152,931.5527509443793,1137.6425842610352,1557.830902677228,1959.6982555740342,1728.3486623683896,1827.4126062796172
3.7675350701402803,925.850387380312,1136.1865216958709,1555.7360497238967,1959.1715328426671,1727.4281203305259,1824.304257545626
3.7755511022044086,920.1220358617736,1134.726895271638,1553.6326599704398,1958.6416838987197,1726.5032790845528,1821.1851273865163
3.783567134268537,914.3676786838139,1133.2637023772634,1551.5207233832064,1958.1087114085447,1725.5741353915607,1818.0551992379396
3.791583166332665,908.5872983925983,1131.796940422612,1549.400230019518,1957.572618018297,1724.6406860371906,1814.9144566615396
3.7995991983967934,902.7808777837474,1130.326606838493,1547.2711700272266,1957.0334063542507,1723.70292783172,1811.7628833445774
3.8076152304609217,896.9483999003699,1128.8526990766202,1545.1335336442044,1956.491079023092,1722.7608576099653,1808.6004630992284
3.81563126252505,891.0898480312719,1127.37521460959,1542.9873111978802,1955.9456386122185,1721.8144722313195,1805.4271798621262
3.823647294589178,885.2052057093033,1125.8941509308681,1540.8324931047812,1955.3970876900214,1720.8637685797185,1802.2430176937942
3.8316633266533064,879.2944567093343,1124.4095055547346,1538.669069869997,1954.8454288061685,1719.9087435636227,1799.0479607780278
3.8396793587174347,873.3575850466952,1122.921276016289,1536.4970320867471,1954.2906644919076,1718.9493941159985,1795.8419934214712
3.847695390781563,867.3945749753004,1121.4294598713798,1534.316370435901,1953.7327972603077,1717.9857171942951,1792.6251000528734
3.8557114228456912,861.4054109859246,1119.934054696615,1532.127075685503,1953.1718296065694,1717.0177097804205,1789.397265222698
3.8637274549098195,855.3900778044394,1118.4350580892828,1529.9291386902592,1952.6077640082572,1716.045368880712,1786.1584736024993
3.8717434869739478,849.3485603901756,1116.9324676673402,1527.7225503911145,1952.0406029255757,1715.0686915258943,1782.9087099843098
3.879759519038076,843.2808439341015,1115.4262810693847,1525.507301814796,1951.4703488016494,1714.0876747710804,1779.6479592802398
3.8877755511022043,837.1869138571833,1113.9164959545958,1523.2833840732549,1950.897004062749,1713.1023156957203,1776.376206521731
3.8957915831663326,831.0667558086386,1112.4031100026993,1521.05078836327,1950.3205711185606,1712.1126114035558,1773.0934368591097
3.9038076152304604,824.9203556643145,1110.8861209139284,1518.8095059659738,1949.7410523624171,1711.1185590225846,1769.7996355610335
3.9118236472945886,818.7476995249842,1109.3655264089857,1516.5595282463332,1949.1584501715633,1710.1201557050445,1766.494788013832
3.919839679358717,812.5487737147141,1107.8413242289935,1514.3008466527904,1948.5727669073804,1709.117398627366,1763.1788797211266
3.927855711422845,806.3235647791819,1106.3135121354583,1512.0334527166847,1947.984004915637,1708.1102849901138,1759.8518963030951
3.9358717434869734,800.0720594840573,1104.7820879101948,1509.757338051812,1947.3921665266937,1707.098812017953,1756.5138234959754
3.9438877755511017,793.7942448133954,1103.247049355322,1507.4724943540512,1946.7972540557666,1706.0829769596107,1753.164647151567
3.95190380761523,787.4901079679687,1101.7083942931863,1505.178913400805,1946.1992698031345,1705.0627770878207,1749.8043532365807
3.9599198396793582,781.1596363637495,1100.1661205663183,1502.8765870505617,1945.598216054351,1704.038209699291,1746.4329278321688
3.9679358717434865,774.8028176301957,1098.6202260373711,1500.5655072424863,1944.9940950804953,1703.0092721146134,1743.050357133267
3.9759519038076148,768.4196396088305,1097.070708589097,1498.2456659958998,1944.3869091383542,1701.9759616782758,1739.6566274481509
3.983967935871743,762.0100903515724,1095.5175661242824,1495.917055409915,1943.776660470652,1700.9382757585515,1736.2517251978004
3.9919839679358713,755.5741581190621,1093.9607965656564,1493.5796676628167,1943.1633513062475,1699.8962117474784,1732.835636915348
4.0,749.1118313794311,1092.4003978559158,1491.233495011817,1942.5469838603613,1698.849767060805,1729.4083492456075
